{"step":0,"_timestamp":1.7454948031842995e+09,"_runtime":38.5793889,"_step":0,"_wandb":{"runtime":85},"train/loss":2.4720101356506348}