{"_timestamp":1.7454944474878085e+09,"_runtime":40.2361021,"_wandb":{"runtime":83},"_step":0,"train/loss":2.481736898422241,"step":0}