{"train_loss":1.0197555943830123,"val_loss":1.0237454395545156,"_timestamp":1.7454358558473823e+09,"_wandb":{"runtime":6797},"_runtime":6419.1946499,"_step":9,"epoch":10}