{"_wandb":{"runtime":828},"train/loss":2.034482955932617,"step":14,"_timestamp":1.7454903467702065e+09,"_runtime":787.7866088,"_step":14}