{"_runtime":25510.5454684,"val_loss":1.438778049067447,"_timestamp":1.7454621291537795e+09,"_step":8549,"train/loss":0.584247350692749,"step":949,"val/loss":1.348202109336853,"epoch":50,"_wandb":{"runtime":25524},"train_loss":1.1356172490593612}