{"_step":31,"_wandb":{"runtime":1505},"train/loss":1.8749386072158813,"step":31,"_timestamp":1.745496694308419e+09,"_runtime":1505.5746752}