{"train/loss":1.8750041723251343,"step":49,"_timestamp":1.7454932201657674e+09,"_runtime":2444.0505143,"_step":49,"_wandb":{"runtime":2487}}